{
  "hints": [
    {
      "name": "custom.choice.nodefault",
      "values": [
        {
          "value": "a",
          "description": "custom a"
        },
        {
          "value": "b"
        }
      ]
    },
    {
      "name": "custom.choice.with.default",
      "values": [
        {
          "value": "a",
          "description": "custom a"
        },
        {
          "value": "b"
        }
      ]
    },
    {
      "name": "custom.hint.choice.keys",
      "values": [
        {
          "value": "key1",
          "description": "Key 1"
        },
        {
          "value": "key2"
        }
      ]
    },
    {
      "name": "custom.hint.choice.values",
      "values": [
        {
          "value": "choice1",
          "description": "Choice 1"
        },
        {
          "value": "choice2"
        },
        {
          "value": "choice3"
        }
      ]
    },
    {
      "name": "custom.hint.default.keys",
      "values": [
        {
          "value": "key1",
          "description": "Key 1"
        }
      ],
      "providers": [
        {
          "name": "any"
        }
      ]
    }
  ],
  "groups": [
    {
      "sourceType": "com.acme.Custom",
      "name": "custom",
      "type": "com.acme.Custom",
      "description": "Custom group"
    },
    {
      "name": "custom.group.collection",
      "description": "Custom collection group",
      "type": "java.util.Collection<com.acme.model.DynamicRoot>"
    }
  ],
  "properties": [
    {
      "deprecated": true,
      "name": "custom.deprecated.warning",
      "type": "java.lang.String",
      "deprecation": {
        "level": "warning",
        "replacement": "custom.replacement"
      }
    },
    {
      "deprecated": true,
      "name": "custom.deprecated.autowarning",
      "type": "java.lang.Boolean",
      "deprecation": {
        "replacement": "custom.replacement"
      }
    },
    {
      "name": "custom.replacement",
      "type": "java.lang.Boolean"
    },
    {
      "deprecated": true,
      "name": "custom.deprecated.error",
      "type": "com.acme.CustomProperty",
      "deprecation": {
        "level": "error"
      }
    },
    {
      "defaultValue": "a",
      "name": "custom.choice.with.default",
      "description": "Custom choice with default",
      "type": "java.lang.String"
    },
    {
      "name": "custom.choice.nodefault",
      "description": "Custom choice with default",
      "type": "java.lang.String"
    },
    {
      "name": "custom.choice.values.from.default",
      "description": "Custom choice with default",
      "type": "java.lang.String",
      "defaultValue": [
        "val1",
        "val2"
      ]
    },
    {
      "name": "newgroup.property.val",
      "description": "val1",
      "type": "java.lang.String"
    },
    {
      "name": "newgroup.property.val2",
      "description": "val2",
      "type": "java.lang.Boolean"
    },
    {
      "name": "custom.map.with.enum.key",
      "description": "Custom choice with enum key -> dynamic root",
      "type": "java.util.Map<com.acme.model.DynamicEnum,com.acme.model.DynamicRoot>"
    },
    {
      "name": "custom.collection.with.enum.key",
      "description": "Custom choice with enum key -> dynamic root",
      "type": "java.util.Set<com.acme.model.DynamicRoot>"
    },
    {
      "name": "custom.map.with.string.key",
      "description": "Dynamic root",
      "type": "java.util.Map<java.lang.String,com.acme.model.DynamicRoot>"
    },
    {
      "name": "custom.hint.choice",
      "description": "Custom choice with hint",
      "type": "java.util.Map<java.lang.String,java.lang.String>"
    },
    {
      "name": "rootProperty",
      "description": "Property directly attached as root"
    },
    {
      "name": "custom.group.collection.property",
      "description": "Custom collection child property",
      "type": "com.acme.model.DynamicRoot"
    },
    {
      "name": "custom.enum",
      "description": "enum property",
      "type": "com.acme.model.DynamicEnum"
    },
    {
      "name": "custom.hint.default",
      "type": "java.util.Map<java.lang.String,com.acme.model.DynamicRoot>"
    }
  ]
}
